,smiles,logSolubility
0,CC(C)=CCCC(C)=CC(=O),0.3904129382012304
1,CCCC=C,0.09042127623869618
2,CCCCCCCCCCCCCC,-2.464346425635788
3,CC(C)Cl,0.7049203257425969
4,CCC(C)CO,1.1597463938793422
5,CCCCCCCCCC(C)O,-0.0353816787778503
6,CCOP(=S)(OCC)SCSCC,-0.6014949763523101
7,CCCCCCCO,0.5113773180248329
8,CCCCCCCC(=O)OC,-0.14666890821556458
9,CCOP(=S)(OCC)SCSC(C)(C)C,-0.9135830762972043
10,ClC(=C)Cl,0.5936330963048826
11,CCCCC=O,0.9758805365474663
12,CCCCCCCI,-0.9401952398583967
13,OCCCC=C,1.3145808000535535
14,CC(C)OC=O,1.0823291907922366
15,CCCCCC(C)O,0.6371802730413795
16,CCCCCCC#C,-0.38375909266982555
17,CC(C)CCC(C)(C)C,-1.0563210444890552
18,CCCC(=O)C,1.295226499281777
19,CCCOC(=O)CC,0.9903962621262988
20,CCC(Br)(CC)C(=O)NC(N)=O,0.09042127623869618
21,CCCCC(=O)OCC,0.2984800095352925
22,CC(C)CCOC(=O)C,0.4581529909024478
23,CCCBr,0.5500859195683857
24,COP(=S)(OC)SCC(=O)N(C)C=O,0.421863676955367
25,NC(=S)N,1.541993834121926
26,ClC(Cl)(Cl)C(Cl)(Cl)Cl,-0.38859766786276956
27,CCCN(=O)=O,1.0000734125121868
28,CCCOC(C)C,0.7387903520932055
29,ClCCl,1.0823291907922366
30,COC=O,1.6677967891384726
31,CC(C)C,0.15332275374696963
32,CCCCC,-0.15150748340850878
33,CCCC(=C)C,-0.07892885551434713
34,CC(C)C(C)C(C)C,-0.9353566646654526
35,CCCCCCCCC=C,-1.2788955033644838
36,CC(=O)OCC(COC(=O)C)OC(=O)C,1.096844916371069
37,CCCCCCCBr,-0.7563293825265209
38,CCOC(=O)CC(=O)OCC,0.9903962621262988
39,CC/C=C/C,0.15816132893991364
40,ClC=C(Cl)Cl,0.4387986901306714
41,CO,2.1468157332399382
42,CCC(=O)C,1.638765337980808
43,CCCCCCO,0.7871761040226466
44,CCCCCCl,0.06622840027397577
45,C=CC=C,0.48234586686716824
46,CCCOC(=O)C,1.0387820140557396
47,NC(=O)CCl ,1.3774822775618267
48,CCCCCC=O,0.7581446528649819
49,CC(C)=CCC/C(C)=C\CO,0.19686993048346646
50,CCN(=O)=O,1.2807107737029446
51,CCCC(C)(COC(N)=O)COC(N)=O ,0.5128288905827162
52,CI,0.903301908653305
53,CCCCC(=O)CCCC,0.13880702816813723
54,CCC(C)CC,-0.39343624305571373
55,ClCC#N,1.3426445361726291
56,CCCCCCCCC(=O)OCC,-0.45149914537104274
57,CCC(C)Cl,0.4387986901306714
58,CCCCC#C,0.2452556824129075
59,CCCCCCCC#C,-0.6643964538605833
60,CC(C)OC(C)C,0.8549161567238639
61,CNN,2.035528503802224
62,CC#C,1.1887778450370068
63,CCNP(=S)(OC)OC(=CC(=O)OC(C)C)C,-0.26182699780763413
64,C=CC=O,1.6629582139455283
65,CCCCl,0.6758888745849323
66,CCOC(=O)C,1.3678051271759384
67,CCCC(C)(C)C,-0.7224593561759126
68,CCCCOC(=O)CCCCCCCCC(=O)OCCCC,-0.4979494672233062
69,CC(=C)C=C,0.4049286637800628
70,CC(C)=CCCC(O)(C)C=C,0.4242829645518391
71,OCC(O)C(O)C(O)C(O)CO ,1.4161908791053794
72,CCCC(=O)CCC,0.7581446528649819
73,CC(=O)C(C)(C)C,1.0387820140557396
74,ClC(Cl)(Cl)C#N,0.33815632611743407
75,CCCCCCCCC(=O)C,-0.20957038572383782
76,CSC,1.1694235442652303
77,CCOC(=O)N,1.7984383193479634
78,CC(C)C(O)C(C)C,0.7968532544085347
79,CCCCBr,0.2404171072199633
80,CC(C)CC(=O)C,1.0291048636698517
81,OCC(O)C(O)C(O)C(O)CO,1.9145641239786217
82,CCS,1.096844916371069
83,ClCC(Cl)Cl,0.6710502993919881
84,CCCCCCCCl,-0.5482706492299249
85,ClC(Cl)C(Cl)Cl,0.5452473443754415
86,CCN(CC)C(=O)C(=CCOP(=O)(OC)OC)Cl,1.6402169105386912
87,CCCCCCCl,-0.12247603225084416
88,CCCCCCCCCCCCCCCCCCCCCCCCCC,-2.6453091378518976
89,CC(Cl)Cl,0.7629832280579261
90,ClC(Cl)(Cl)Cl,0.2694485583776279
91,COC(C)(C)C,1.2710336233170565
92,CCCCCCCCCCCCCCCCO,-1.9998432071131549
93,CCC(C)(C)CO,0.8839476078815285
94,CCCOC(=O)CCC,0.5404087691824975
95,CCCOC=O,1.150069243493454
96,CC(C)CC(C)C,-0.6740736042464713
97,CCCCCCCCCC(=O)OCC,-0.5966564011593657
98,CCCOCC,1.0678134652134041
99,CC(C)O,1.5952181612443113
100,ClC(Br)Br,0.46783014128833605
101,CCOC(=O)CC(SP(=S)(OC)OC)C(=O)OCC,-0.24344041207444664
102,C/C=C/C=O,1.541993834121926
103,CCCCCC(=O)OC,0.48234586686716824
104,CCC(=O)OC,1.3194193752464973
105,CCCC(=O)OC,0.4581529909024478
106,CCCCCC(=O)OCC,0.25009425760585147
107,CCCCCCC=C,-0.7611679577194654
108,CCCC(O)CC,1.0000734125121868
109,CCCCCCCC(C)O,0.06138982508103156
110,CCCC(=O)CC,0.9855576869333545
111,ClCBr,0.95652623577569
112,CCN(CC)C(=S)SSC(=S)N(CC)CC,-0.9643881158231176
113,CCCCCCCCO,0.23073995683407508
114,CCSCC,0.7387903520932055
115,ClCCCl,0.8742704574956403
116,CCC(C)(C)Cl,0.17267705451874604
117,ClCCBr,0.7484675024790938
118,CCCCCCCC=C,-1.0563210444890552
119,CCC(C)(O)CC,1.2129707210017273
120,CCCCC(C)O,0.95652623577569
121,CCCCCO,1.096844916371069
122,ClCCC#N ,1.246840747352336
123,CC(C)C(C)O,1.300065074474721
124,CCCCCCCCCC(=O)OC,-0.8821323375430679
125,CC(C)CBr,0.21138565606229867
126,CCI,0.612987397076659
127,CCCCCCBr,-0.45633772056398697
128,CCCC(C)C,-0.4224676942133784
129,BrC(Br)Br,0.46299156609539194
130,COP(=O)(OC)C(O)C(Cl)(Cl)Cl,1.2807107737029446
131,CC(C)Br,0.617825972269603
132,CC(C)CC(C)(C)C,-0.9063252135077883
133,CCC,0.44847584051655964
134,CCOC=C,0.9758805365474663
135,CCC#C,0.7871761040226466
136,CCCCC(C)(O)CC,0.612987397076659
137,CC#N,1.5129623829642616
138,ClCC(Cl)(Cl)Cl,0.3323500358859011
139,CCCCO,1.3871594279477149
140,CC(C)CCO,1.1403920931075657
141,CC(=C)C,0.2597714079917397
142,CC(=C)C(=C)C,0.22590138164113108
143,CCCI,0.2791257087635161
144,CCCO,1.687151089910249
145,CCCC(C)O,1.246840747352336
146,ClC(=C(Cl)C(=C(Cl)Cl)Cl)Cl,-0.9934195669807819
147,CCC(C)CCO,1.0436205892486838
148,CCCCI,-0.045058829163738504
149,CCCCCCCC(=O)OCC,-0.25311756246033484
150,CCSSCC,0.21622423125524287
151,CCOCCOCC,1.0145891380910192
152,CCCCCC=C,-0.41762911902043415
153,CCCCN(CC)C(=O)SCCC,-0.3208576151615521
154,CCCCOC=O,0.7242746265143732
155,BrC(Cl)Cl,0.6420188482343235
156,CBr,1.004911987705131
157,CC(C)C=C,0.06622840027397577
158,CC,0.7291132017073173
159,CC(=O)N,2.1516543084328825
160,CC(O)C(C)(C)C,1.0871677659851806
161,CCCC(=O)OCC,0.7291132017073173
162,CCCCCCCCCO,-0.06925170512845892
163,BrCBr,0.8210461303732552
164,CCSC(=O)N(CC(C)C)CC(C)C,-0.39343624305571373
165,O=N(=O)OCC(CON(=O)=O)ON(=O)=O ,0.3129957351141247
166,CCCCCl,0.4049286637800628
167,CCNC(=S)NCC,0.6807274497778764
168,CCCCC(=O)OC,0.7387903520932055
169,CCCCCOC(=O)CC,0.7678218032508701
170,CCBr,0.859754731916808
171,CCC#CCC,0.4242829645518391
172,CCC(=C)C,0.06622840027397577
173,CCOC(C)OCC,1.1791006946511184
174,CCCCOCCO,1.1839392698440627
175,ClCCCCl,0.6033102466907707
176,CC(C)C(C)C,-0.3789205174768813
177,CCC=C,0.44847584051655964
178,FC(F)(Cl)C(F)(Cl)Cl,-0.08376743070729133
179,CCC#N,1.5226395333501495
180,OCC(O)CO,1.929079849557454
181,CCCCOC,0.908140483846249
182,CN(C)C(=O)C,1.9242412743645099
183,C=C,1.1936164202299508
184,CC(C)(C)CCO,1.1452306683005098
185,CC(C)SC(C)C,0.30331858472823653
186,CCOP(=S)(OCC)SCSP(=S)(OCC)OCC,-1.2934112289433162
187,CCCC(C)(C)CO,0.6516959986202118
188,CCCOC,1.198454995422895
189,CC(C)OC(=O)C,1.1210377923357893
190,ClC=C,0.5404087691824975
191,BrC(Br)(Br)Br,-0.13215318263673237
192,CCCCCCCCC,-1.4579227855034154
193,CCCCCC(C)C,-1.0708367700678876
194,CCC(O)C(C)C,1.0484591644416281
195,CCCCCCC,-0.8047151344559622
196,CCCCCC(=O)C,0.6855660249708205
197,COP(=O)(NC(C)=O)SC ,1.6484424883666962
198,CCCCSP(=O)(SCCCC)SCCCC,-1.099868221225552
199,CC=C(C)C,0.14848417855402543
200,CCCC(C)(O)CC,0.9129790590391931
201,CCCCCCCC,-1.1482539731549932
202,CCC=O,1.6677967891384726
203,ClC(Cl)Cl,0.8210461303732552
204,CCCCC(CC)C=O,0.35654291185062176
205,CCC(CC)C=O,0.6516959986202118
206,CCCOCCC,0.6033102466907707
207,CCCCCCCCCCCCCCO,-1.4385684847316391
208,NC(=O)N,1.8516626464703483
209,CCCC#C,0.5936330963048826
210,CCCCCCCCCCCCCCCCCCO,-2.677243734125329
211,CC(C)CCOC=O,0.6516959986202118
212,CCOP(=O)(OCC)OCC,1.5952181612443113
213,CC(C)N(=O)=O,1.0871677659851806
214,OCC(O)C(O)CO,1.7258596914538016
215,CNC(=O)C=C(C)OP(=O)(OC)OC,1.7021506730083755
216,CCC(C)C(C)C,-0.6837507546323598
217,CCCCCC#C,-0.06925170512845892
218,ClCC(C)C,0.419444389358895
219,CCCCCCCCCCCC(=O)OC,-0.8821323375430679
220,CCCSCCC,0.13880702816813723
221,CCCCCBr,-0.10312173147906775
222,CCCC/C=C/C,-0.461176295756931
223,CC(Cl)(Cl)Cl,0.419444389358895
224,CCOCC,1.343612251211218
225,COCOC,1.6194110372090316
226,CCC(C)O,1.6145724620160875
227,C=CCS(=O)SCC=C,0.9855576869333545
228,CC(C)COC=O,0.8984633334603608
229,CCCCCC,-0.4708534461428192
230,COP(=O)(OC)OC(Br)C(Cl)(Cl)Br,0.28396428395646034
231,CC(C)CC(C)(C)O,0.9420105101968578
232,CCC(C)(C)C,-0.33053476554744027
233,C=CCC=C,0.37589721262239817
234,CCCCCC(O)CC,0.42912153974478323
235,CCCC(C)CO,0.8500775815309198
236,CCCCC(C)(C)O,0.8645933071097521
237,COC(C)(C)CCCC(C)CC=CC(C)=CC(=O)OC(C)C,-1.124061097190273
238,CCOC(=O)CC,1.0678134652134041
239,NC(N)=NC#N ,1.2371635969664478
240,ClC(Cl)(Cl)N(=O)=O,0.419444389358895
241,CCCCCCC(=O)OCC,0.06138982508103156
242,COC(=O)C,1.6097338868231434
243,CCCC(O)C=C,1.101683491564013
244,CCCCOCCCC,0.49202301725305647
245,CCCCCCCCCCCCO,-0.9353566646654526
246,CCCC(C)(C)O,1.150069243493454
247,CCCCCC(C)(C)O,0.5549244947613298
248,C,0.951687660582746
249,CCC(C)C(=O)C,1.0629748900204603
250,CN(=O)=O,1.5129623829642616
251,CC(C)N(C(C)C)C(=O)SCC(Cl)=C(Cl)Cl,-0.9740652662090055
252,C=CCCC=C,0.09042127623869618
253,CCCCC=C,-0.1757003593732292
254,CCCCCCCC(=O)C,0.13880702816813723
255,C#C,1.5274781085430937
256,CCOC(=O)N(C)C(=O)CSP(=S)(OCC)OCC,0.16880619436439076
257,CC(Cl)CCl,0.612987397076659
258,CCCC=C(CC)C=O,0.19686993048346646
259,CCOP(=S)(OCC)SCCSCC,-0.6595578786676394
260,CCCCCCCCCCCCCCCO,-1.685335819571788
261,CC(C)I,0.37589721262239817
262,CC(C)C(=O)C,1.3290965256323857
263,CCCCCCCCCCCCCCCC,-2.677243734125329
264,CCCCCCC(=O)C,0.3952515133941746
265,CCCCCCCCC(=O)OC,-0.24827898726739064
266,CCO,1.9194026991715658
267,CCCCCCCCBr,-1.0611596196819992
268,CCC(O)CC,1.2710336233170565
269,CC(C)CCCO,0.8355618559520875
270,CCC(C)(C)O,1.4597380558418762
271,CCOC=O,1.4597380558418762
272,CCCCS,0.3323500358859011
273,ClC(=C(Cl)Cl)Cl,0.15816132893991364
274,CCC(=O)CC,1.2516793225452802
275,C=CC#N,1.4597380558418762
276,CCCCC(=O)C,1.0000734125121868
277,CCCCC(C)CC,-1.1095453716114405
278,BrCCBr,0.5742787955331062
279,COC(=O)C=C,1.2807107737029446
280,CCC(O)(CC)CC,0.9758805365474663
281,CC(C)C(=O)C(C)C,0.7581446528649819
282,CSSC,0.6904046001637646
283,CCCCC(O)CC,0.6758888745849323
284,CCCCC(CC)CO,0.36622006223651
285,CC(C)N(C(C)C)C(=O)SCC(=CCl)Cl,-0.6866538997481263
286,CN(C)C(=S)SSC(=S)N(C)C ,-0.4998848973004838
287,CCCCCCCCCCO,-0.3692433670909931
288,CCC(C)(C)CC,-0.6595578786676394
289,CNC(=O)C(C)SCCSP(=O)(OC)(OC),1.9406924300205197
290,CCCC=O,1.3823208527547708
291,CCCC,0.14364560336108143
292,ClC(Cl)C(Cl)(Cl)Cl,0.12912987778224902
293,CC(C)CO,1.435545179877156
294,ICI,0.2549328327987957
295,CCCC(O)CCC,0.709758900935541
296,CCCCCOC(=O)C,0.4726687164812801
297,FC(F)(Cl)C(F)(F)Cl,0.06138982508103156
298,CC=CC=O,1.541993834121926
299,CN(C)C(=O)N(C)C ,1.8419854960844602
300,CCN(CC)C(=S)SCC(Cl)=C,-0.25311756246033484
301,ClCC,0.8742704574956403
302,CC/C=C\C,0.15816132893991364
303,CNC(=O)ON=C(CSC)C(C)(C)C ,0.6033102466907707
304,CCCCCCCCCCCCCCCCCCCC,-2.5669242197262037
305,CCC(CC)CO,0.8210461303732552
306,Cl\C=C/Cl,0.7581446528649819
307,CC(C)CC(C)O,1.0000734125121868
308,CC(C)(C)CO,1.1936164202299508
309,CC=C,0.8645933071097521
310,CCCCCCC(C)O,0.37589721262239817
311,CC(C)COC(=O)C,0.8016918296014789
312,CC(C)C(C)(C)C,-0.7224593561759126
313,FC(F)(F)C(Cl)Br ,0.5597630699542739
314,CNC(=O)ON=C(SC)C(=O)N(C)C,1.4384483249929223
315,CCSCCSP(=S)(OC)OC,-0.10844416419130631
316,CCC(C)C,-0.15150748340850878
317,N#Cc1ccccc1,0.903301908653305
318,CCOc1ccc(NC(=O)C)cc1,0.25009425760585147
319,CCN(CC)c1c(cc(c(N)c1N(=O)=O)C(F)(F)F)N(=O)=O,-1.2595412025927073
320,CCc1ccc(CC)cc1,-0.4273062694063224
321,CN(C)C(=O)SCCCCOc1ccccc1,-0.5129490503214329
322,CC(=O)Nc1ccc(Br)cc1,-0.10457330403695103
323,Cc1ccccc1O,1.0871677659851806
324,Nc1ccc(O)cc1,1.0000734125121868
325,Cc1ccc(C)cc1,0.046874099502199354
326,CCc1ccccc1CC,-0.19989323533794962
327,O=N(=O)c1c(Cl)c(Cl)ccc1,-0.2966647391968317
328,c1(C#N)c(Cl)c(C#N)c(Cl)c(Cl)c(Cl)1,-1.341796980872757
329,CC(C)c1ccccc1,-0.1950546601450056
330,Oc1ccccc1N(=O)=O,0.5452473443754415
331,Oc1c(I)cc(C#N)cc1I,-0.3595662167051049
332,c1ccccc1O,1.3871594279477149
333,COP(=S)(OC)SCC(=O)N(C(C)C)c1ccc(Cl)cc1,-0.7572970975651101
334,CCCCCCc1ccccc1,-1.1337382475761608
335,Clc1cc(Cl)c(Cl)c(Cl)c1Cl,-1.3466355560657013
336,Oc1cccc(c1)N(=O)=O,0.8984633334603608
337,CCSCc1ccccc1OC(=O)NC ,0.37589721262239817
338,CC(C)(C)c1ccc(O)cc1,0.22106280644818688
339,Clc1cccc(I)c1,-0.33053476554744027
340,Cc1cccc(C)c1,0.022681223537478944
341,Oc1cccc(O)c1,1.779084018576187
342,COP(=S)(OC)Oc1cc(Cl)c(I)cc1Cl,-1.8159773497812788
343,Cc1ccc(Cl)cc1,-0.10312173147906775
344,CCCCOC(=O)c1ccc(N)cc1,-0.10408944651765646
345,CCN(CC(C)=C)c1c(cc(cc1N(=O)=O)C(F)(F)F)N(=O)=O,-1.5759840202112514
346,Clc1ccc(Cl)c(Cl)c1Cl,-0.8240694352277387
347,CCOP(=S)(CC)Oc1cc(Cl)c(Cl)cc1Cl,-1.3959890230337317
348,Clc1cc(Cl)c(Cl)c(Cl)c1,-0.853100886385403
349,Nc1ccccc1O,1.0387820140557396
350,COCC(=O)N(C(C)C(=O)OC)c1c(C)cccc1C ,0.6125035395573646
351,CNC(=O)Oc1ccccc1OC(C)C,0.3952515133941746
352,Cc1ccccc1Cl,-0.3160190399686081
353,CCOP(=S)(OCC)ON=C(C#N)c1ccccc1,-0.9653558308617063
354,Fc1ccccc1,0.5162158932177769
355,Cc1cc(C)c(C)c(C)c1C,-0.5482706492299249
356,CCOP(=S)(OCC)SCSc1ccc(Cl)cc1,-1.3882473027250213
357,Cc1ccc(cc1N(=O)=O)N(=O)=O,0.022681223537478944
358,CNC(=O)Oc1cccc(N=CN(C)C)c1,0.2549328327987957
359,COP(=S)(OC)Oc1ccc(SC)c(C)c1,-0.8240694352277387
360,NC(=S)Nc1ccccc1,0.5307316187966092
361,Oc1ccc(Cl)cc1,1.0484591644416281
362,Cc1cccc(N)c1,0.9758805365474663
363,CCOC(=O)c1ccc(N)cc1,0.12138815747353844
364,Clc1ccc(Cl)c(Cl)c1,-0.3498890663192167
365,Oc1ccccc1O,1.687151089910249
366,Cc1ccccc1Br,0.3081571599211807
367,CCNc1ccccc1,0.564601645147218
368,CN(C)C(=O)Nc1ccc(Cl)cc1,-0.011188802813129888
369,Brc1cc(Br)c(Br)cc1Br,-1.9901660567272668
370,COc1ccc(Cl)cc1,0.042035524309255355
371,COP(=S)(OC)Oc1ccc(N(=O)=O)c(C)c1,-0.5676249500017012
372,NC(=O)c1ccccc1O,0.5065387428318887
373,Cc1ccccc1N(=O)=O,0.2597714079917397
374,CCc1ccccc1C,-0.166023208987341
375,CCCCOC(=O)c1ccccc1C(=O)OCCCC ,-0.741813656947689
376,COc1c(O)c(Cl)c(Cl)c(Cl)c1Cl ,-0.5579477996158129
377,COc1ccc(cc1)N(=O)=O,0.22106280644818688
378,Nc1ccc(cc1)S(N)(=O)=O,0.7387903520932055
379,CCCN(CCC)c1c(cc(cc1N(=O)=O)C(C)C)N(=O)=O,-1.7530758722730055
380,CCOP(=S)(NC(C)C)Oc1ccccc1C(=O)OC(C)C,-0.6421390079730404
381,Clc1cccc(Cl)c1Cl,-0.5482706492299249
382,O=N(=O)c1cc(Cl)c(Cl)cc1,-0.161184633794397
383,CCOc1ccc(NC(N)=O)cc1,0.33718861107884535
384,COc1ccc(C=CC)cc1,-0.12731460744378817
385,CC(C)c1ccc(NC(=O)N(C)C)cc1,-0.32376076027731865
386,Cc1c(cc(cc1N(=O)=O)N(=O)=O)N(=O)=O,-0.1708617841802852
387,CC(C)OP(=S)(OC(C)C)SCCNS(=O)(=O)c1ccccc1,-0.6450421530888069
388,CC(C)c1ccccc1C,-0.43214484459926633
389,Nc1cccc(Cl)c1,0.7242746265143732
390,CN(C)C(=O)Nc1cccc(c1)C(F)(F)F,-0.27247186323211126
391,Cc1cccc(O)c1,1.058136314827516
392,O=N(=O)c1ccc(cc1)N(=O)=O,-0.25311756246033484
393,CN(C)C(=O)Nc1ccccc1,0.612987397076659
394,ClCc1ccccc1,0.23073995683407508
395,CON(C)C(=O)Nc1ccc(Br)c(Cl)c1,-0.5114974777635497
396,CC(=O)Nc1ccc(F)cc1,0.5258930436036652
397,CCc1cccc(CC)c1N(COC)C(=O)CCl ,-0.1902160849520614
398,Clc1ccc(cc1)N(=O)=O,-0.025704528391962092
399,Clc1ccccc1N(=O)=O,0.15332275374696963
400,CCCCN(C)C(=O)Nc1ccc(Cl)c(Cl)c1,-0.9208409390866202
401,O=N(=O)c1ccccc1,0.5162158932177769
402,Ic1ccccc1,-0.06925170512845892
403,COc1ccccc1OCC(O)COC(N)=O,0.9105597714427212
404,CCCCOCN(C(=O)CCl)c1c(CC)cccc1CC ,-0.6402035778958629
405,Oc1cccc(Cl)c1Cl,0.7581446528649819
406,CCC(=O)Nc1ccc(Cl)c(Cl)c1,-0.06441312993551492
407,Cc1ccc(N)cc1,0.8016918296014789
408,c1ccccc1(OC(=O)NC),0.5147643206598937
409,Cc1cccc(C)c1C,-0.161184633794397
410,CNC(=O)Oc1ccc(N(C)C)c(C)c1,0.2452556824129075
411,Oc1c(Br)cc(C#N)cc1Br ,-0.22408611130267023
412,Oc1c(Cl)c(Cl)c(Cl)c(Cl)c1Cl,-0.6837507546323598
413,NC(=O)NCc1ccccc1 ,0.9274947846180255
414,CN(C)C(=O)Nc1ccc(C)c(Cl)c1,-0.298116311754715
415,CON(C)C(=O)Nc1ccc(Cl)c(Cl)c1,-0.3508567813578056
416,CS(=O)(=O)c1ccc(cc1)C(O)C(CO)NC(=O)C(Cl)Cl ,0.3449303313875559
417,Oc1ccc(cc1)N(=O)=O,1.0291048636698517
418,Nc1ccccc1N(=O)=O,0.4387986901306714
419,Cc1c(cccc1N(=O)=O)N(=O)=O,-0.06441312993551492
420,c1(Br)c(Br)cc(Br)cc1,-0.7901994088771298
421,c1(O)c(C)ccc(C(C)C)c1,0.3807357878153422
422,CN(C)C=Nc1ccc(Cl)cc1C,0.00332692276570253
423,Nc1ccc(cc1)N(=O)=O,0.2404171072199633
424,Clc1ccccc1,0.23557853202701928
425,Brc1ccc(I)cc1,-0.8192308600347942
426,CCCCCc1ccccc1,-0.857939461578347
427,Oc1ccc(Cl)c(Cl)c1,0.7823375288297024
428,CCN(CC)c1ccccc1,-0.07892885551434713
429,Fc1cccc(F)c1,0.419444389358895
430,CC(C)(C)Cc1ccccc1,-0.6208492771240866
431,Clc1ccccc1I,-0.3256961903544963
432,Cc1cccc(C)c1O,0.7629832280579261
433,COP(=S)(OC)Oc1ccc(cc1Cl)N(=O)=O,-0.6982664802111918
434,CCc1cccc(C)c1N(C(C)COC)C(=O)CCl ,0.06622840027397577
435,OCc1ccccc1,1.1936164202299508
436,Oc1ccc(Br)cc1,0.859754731916808
437,O=N(=O)c1cc(cc(c1)N(=O)=O)N(=O)=O,-0.011188802813129888
438,Brc1ccc(Br)cc1,-0.5821406755805336
439,Clc1ccc(Cl)cc1,-0.1950546601450056
440,Clc1cc(Cl)cc(Cl)c1,-0.7805222584912418
441,O=Cc1ccccc1,0.811368979987367
442,NC(=N)NS(=O)(=O)c1ccc(N)cc1 ,0.4242829645518391
443,COC(=O)c1ccc(O)cc1,0.503151740196828
444,Cc1ccc(O)c(C)c1,0.811368979987367
445,Clc1cccc(c1)N(=O)=O,0.046874099502199354
446,FC(F)(F)c1ccccc1,0.17267705451874604
447,CCCCCCOC(=O)c1ccccc1C(=O)OCCCCCC,-1.5856611705971397
448,COC(=O)c1ccccc1C(=O)OC,0.5839559459189945
449,Clc1cc(Cl)c(Cl)cc1Cl,-1.303088379329204
450,Nc1ccccc1Cl,0.6516959986202118
451,COc1cccc(Cl)c1,0.042035524309255355
452,Oc1ccc(C=O)cc1,0.9226562094250813
453,Fc1ccccc1Br,0.08074412585280798
454,Oc1ccc(Cl)cc1Cl,0.6371802730413795
455,Cc1ccccc1N,0.31783431030706893
456,c1(OC)ccc(CC=C)cc1,-0.025704528391962092
457,CN(C)C(=O)Nc1cccc(OC(=O)NC(C)(C)C)c1 ,-0.030543103584906302
458,Clc1ccccc1Cl,-0.08860600590023533
459,Nc1cccc(c1)N(=O)=O,0.32751146069295717
460,Oc1cc(Cl)cc(Cl)c1Cl,0.09525985143164038
461,Nc1ccccc1,1.1887778450370068
462,Brc1cc(Br)cc(Br)c1,-1.3224426801009805
463,COP(=S)(OC)Oc1cc(Cl)c(Cl)cc1Cl,-1.3805055824163097
464,COc1cc(CC=C)ccc1O,0.6323416978484353
465,Clc1c(Cl)c(Cl)c(N(=O)=O)c(Cl)c1Cl,-1.428891334345751
466,COC(=O)c1cc(O)c(O)c(O)c1 ,0.7871761040226466
467,Fc1cccc(Br)c1,0.09525985143164038
468,Clc1ccc(Br)cc1,-0.3692433670909931
469,COc1ccccc1N(=O)=O,0.4387986901306714
470,CCC(C)c1cc(cc(N(=O)=O)c1O)N(=O)=O ,-0.24827898726739064
471,COc1ccccc1O ,0.4387986901306714
472,Oc1ccc(Cl)c(Cl)c1Cl,0.09525985143164038
473,COc1ccccc1,0.49202301725305647
474,CCc1ccc(C)cc1,-0.11763745705789995
475,O=N(=O)c1cccc(c1)N(=O)=O,0.2791257087635161
476,Nc1ccc(Cl)cc1,0.5839559459189945
477,CC(C)(C)c1ccccc1,-0.38375909266982555
478,Brc1ccccc1,0.15332275374696963
479,CCOC(=O)c1ccc(O)cc1,0.25009425760585147
480,COC(=O)c1ccccc1,0.49202301725305647
481,CN(C)C(=O)Nc1ccc(Cl)c(Cl)c1,-0.45149914537104274
482,Oc1ccccc1Cl,0.8742704574956403
483,CCOc1ccccc1,0.2597714079917397
484,CCOC(=O)C=Cc1ccccc1,-0.06441312993551492
485,Cc1ccc(cc1)S(=O)(=O)N,0.5452473443754415
486,CC(OC(=O)Nc1cccc(Cl)c1)C#C,0.12090429995424408
487,CCOP(=S)(OCC)Oc1ccc(cc1)S(C)=O ,0.2742871335705721
488,Cc1ccc(C)c(C)c1,-0.21440896091678202
489,Oc1cc(Cl)c(Cl)cc1Cl,0.31783431030706893
490,NNc1ccccc1,1.4210294542983235
491,Oc1c(Cl)ccc(Cl)c1Cl,0.1097755770104726
492,Brc1cccc(Br)c1,-0.3256961903544963
493,CC(=O)Nc1ccccc1,0.7436289272861496
494,CC(=O)c1ccccc1,0.7678218032508701
495,CCCOC(=O)c1ccc(N)cc1,0.20074079063782174
496,CCOC(=O)c1ccccc1,0.26460998318468393
497,CON(C)C(=O)Nc1ccc(Cl)cc1,0.14364560336108143
498,Cc1ccc(Br)cc1,-0.1563460586014528
499,CCCCN(CC)c1c(cc(cc1N(=O)=O)C(F)(F)F)N(=O)=O,-1.288572653750372
500,Cc1cc(C)c(O)c(C)c1,0.3952515133941746
501,c1ccccc1,0.5936330963048826
502,Clc1ccc(I)cc1,-0.5627863748087573
503,COc1ccc(NC(=O)N(C)C)cc1Cl,0.1465487484768478
504,CC(C)N(C(=O)CCl)c1ccccc1 ,0.18719278009757825
505,C=Cc1ccccc1,0.022681223537478944
506,Cc1ccccc1C,0.03235837392336715
507,Oc1ccc(O)cc1,1.3049036496676651
508,c1(O)cc(O)ccc1CCCCCC,0.13396845297519322
509,Oc1c(Cl)cc(Cl)c(Cl)c1Cl,-0.11279888186495596
510,Clc1cccc(Cl)c1,-0.08376743070729133
511,c1ccccc1SC,0.23073995683407508
512,CCCCC(CC)COC(=O)c1ccccc1C(=O)OCC(CC)CCCC,-1.980488906341378
513,Cc1cc(C)cc(O)c1,0.709758900935541
514,ClCC#CCOC(=O)Nc1cccc(Cl)c1,-0.7272979313688566
515,CC(=O)Nc1ccc(Cl)cc1,0.011552500593707452
516,CNc1ccccc1,0.7678218032508701
517,Cc1cc(cc(N(=O)=O)c1O)N(=O)=O,0.682662879855054
518,Oc1cccc(Cl)c1,1.0484591644416281
519,Clc1cccc(Br)c1,-0.166023208987341
520,OCCOc1ccccc1,1.0484591644416281
521,CCc1ccccc1,0.046874099502199354
522,CC(C#C)N(C)C(=O)Nc1ccc(Cl)cc1,-0.4998848973004838
523,COc1ccc(C=O)cc1,0.6662117241990441
524,CC(=O)Nc1ccc(cc1)N(=O)=O,0.08461498600716326
525,CC(=O)Nc1ccc(O)cc1,0.8887861830744727
526,CCCCOc1ccc(C(=O)OCC)c(c1)N(CC)CC ,-0.4708534461428192
527,Cc1c(C)c(C)c(C)c(C)c1C,-1.1434153979620492
528,CC(C)c1ccc(C)cc1O,0.3129957351141247
529,CCOP(=S)(OCC)Oc1ccc(cc1)N(=O)=O,-0.8676166119642355
530,CC(C)OC(=O)Nc1cccc(Cl)c1,-0.24827898726739064
531,CC(O)c1ccccc1,0.9420105101968578
532,c1(C(=O)OCCCCCC(C)(C))c(C(=O)OCCCCCC(C)(C))cccc1,-1.824202927609284
533,Cc1cc(C)cc(C)c1,-0.25795613765327885
534,CCCCCCCCOC(=O)c1ccccc1C(=O)OCCCCCCCC ,-1.087771783243192
535,O=N(=O)c1ccccc1N(=O)=O,-0.11279888186495596
536,Fc1ccc(F)cc1,0.4339601149377273
537,CCCN(CCC)c1c(cc(cc1N(=O)=O)C(F)(F)F)N(=O)=O,-1.3611512816445335
538,c1c(NC(=O)OC(C)C(=O)NCC)cccc1,0.5017001676389446
539,Cc1ccc(cc1)N(=O)=O,0.18235420490463403
540,Cc1ccc(O)cc1,1.0339434388627957
541,CN(C)c1ccccc1,0.4581529909024478
542,CNC(=O)Oc1ccccc1C(C)C,0.0018753502078192451
543,COc1ccccc1Cl,0.19686993048346646
544,COP(=S)(OC)Oc1cc(Cl)c(Br)cc1Cl,-1.5595328645552415
545,CC(C)c1ccc(C)cc1,-0.43698341979221056
546,Oc1c(Cl)cccc1Cl,0.5210544684107211
547,OCC(NC(=O)C(Cl)Cl)C(O)c1ccc(cc1)N(=O)=O,0.3657362047172154
548,Brc1ccccc1Br,-0.3063418895827199
549,Oc1c(Cl)cc(Cl)cc1Cl,0.2549328327987957
550,CCCN(CCC)c1c(cc(cc1N(=O)=O)S(N)(=O)=O)N(=O)=O,-1.1095453716114405
551,Cc1ccc(O)cc1C,0.7194360513214292
552,Sc1ccccc1,0.36138148704356576
553,CNC(=O)Oc1cc(C)cc(C)c1,0.13832317064884264
554,NC(=O)c1ccccc1,0.9226562094250813
555,Clc1ccccc1Br,-0.1563460586014528
556,Oc1cc(Cl)cc(Cl)c1,0.7387903520932055
557,Cc1ccccc1,0.31783431030706893
558,Oc1cc(Cl)c(Cl)c(Cl)c1Cl,-0.13699175782967637
559,COc1ccccc1O,0.4387986901306714
560,CCOC(=O)c1ccccc1C(=O)OCC,0.25009425760585147
561,CC(C)Cc1ccccc1,-0.606333551545254
562,Oc1c(Cl)c(Cl)cc(Cl)c1Cl,-0.24344041207444664
563,CCCc1ccccc1,-0.24344041207444664
564,Cc1cc(C)c(C)cc1C,-0.8337465856136266
565,CC(=O)Nc1cc(NS(=O)(=O)C(F)(F)F)c(C)cc1C,-0.1805389345661734
566,c1(C(C)(C)C)cc(C(C)(C)C)cc(OC(=O)NC)c1,-0.6643964538605833
567,CCCCc1ccccc1,-0.5773021003875892
568,N#Cc1ccccc1C#N,0.23557853202701928
569,Cc1cccc(c1)N(=O)=O,0.20654708086935467
570,COP(=O)(OC)OC(=CCl)c1cc(Cl)c(Cl)cc1Cl,-0.800844274301607
571,Clc1cc(Cl)c(c(Cl)c1)c2c(Cl)cccc2Cl,-2.154677613287366
572,Clc1ccc(c(Cl)c1)c2c(Cl)ccc(Cl)c2Cl ,-2.207901940409751
573,c1c(Cl)cccc1c2ccccc2,-0.9740652662090055
574,Clc1cccc(c1Cl)c2c(Cl)c(Cl)cc(Cl)c2Cl ,-2.7740152379842105
575,Clc1cc(Cl)c(Cl)c(c1Cl)c2c(Cl)c(Cl)cc(Cl)c2Cl ,-3.0401368735961363
576,Clc1ccccc1c2ccccc2Cl ,-1.1627696987338252
577,Clc1cccc(c1)c2cc(Cl)ccc2Cl ,-1.5208242630116886
578,Clc1ccc(Cl)c(c1)c2ccc(Cl)c(Cl)c2,-2.120807586936757
579,Clc1ccccc1c2ccccc2,-0.8095537096489062
580,Clc1ccc(cc1)c2ccccc2Cl ,-1.1676082739267697
581,Clc1ccc(cc1)c2ccc(Cl)cc2 ,-1.786945898623614
582,Cc1ccc(cc1)c2ccccc2,-0.8482623111924591
583,Clc1cc(c(Cl)c(Cl)c1Cl)c2cc(Cl)c(Cl)c(Cl)c2Cl,-3.04497544878908
584,Clc1cc(Cl)c(cc1Cl)c2cccc(Cl)c2Cl ,-2.1014532861649804
585,Clc1ccc(cc1)c2cccc(Cl)c2Cl ,-1.6563043684141237
586,Clc1ccc(cc1Cl)c2ccccc2 ,-1.7046901203435645
587,Clc1cccc(c1Cl)c2cccc(Cl)c2Cl,-2.1353233125155895
588,Oc1ccc(cc1)c2ccccc2,-0.2966647391968317
589,Clc1ccc(c(Cl)c1)c2cc(Cl)ccc2Cl ,-1.7917844738165585
590,Clc1ccc(c(Cl)c1)c2ccc(Cl)c(Cl)c2Cl ,-2.3869292225486824
591,Clc1ccc(c(Cl)c1Cl)c2ccc(Cl)c(Cl)c2Cl ,-2.488539301600509
592,Nc1ccc(cc1)c2ccc(N)cc2,0.08074412585280798
593,Clc2c(Cl)c(Cl)c(c1ccccc1)c(Cl)c2Cl ,-2.444992124864012
594,Clc1c(Cl)c(Cl)c(c(Cl)c1Cl)c2c(Cl)c(Cl)c(Cl)c(Cl)c2Cl ,-4.22558779586744
595,Clc1ccc(c(Cl)c1)c2c(Cl)c(Cl)c(Cl)c(Cl)c2Cl,-2.444992124864012
596,Clc1ccc(Cl)c(c1)c2cc(Cl)c(Cl)c(Cl)c2Cl,-2.3288663202333533
597,Clc1ccc(Cl)c(c1)c2cccc(Cl)c2Cl ,-1.7433987218871172
598,Clc1ccc(Cl)c(c1)c2c(Cl)c(Cl)cc(Cl)c2Cl ,-2.203063365216807
599,Clc1ccc(cc1Cl)c2cc(Cl)c(Cl)c(Cl)c2Cl ,-2.396606372934571
600,c1ccc(cc1)c2ccccc2,-0.7152014933864962
601,Clc1cc(Cl)c(c(Cl)c1)c2c(Cl)cc(Cl)cc2Cl ,-2.8272395651065962
602,Clc1ccc(Cl)c(c1)c2c(Cl)c(Cl)c(Cl)c(Cl)c2Cl,-2.93852679454431
603,Clc1ccc(cc1)c2cc(Cl)ccc2Cl ,-1.6369500676423472
604,Clc1ccc(c(Cl)c1)c2cc(Cl)c(Cl)c(Cl)c2Cl ,-2.188547639637974
605,Clc1cccc(Cl)c1c2ccccc2 ,-1.1337382475761608
606,Clc1ccc(cc1)c2c(Cl)cccc2Cl ,-1.5837257405199618
607,Clc1cccc(Cl)c1c2c(Cl)cccc2Cl ,-2.188547639637974
608,Clc1cc(Cl)c(cc1Cl)c2cc(Cl)c(Cl)cc2Cl ,-2.7546609372124347
609,Clc1ccc(c(Cl)c1Cl)c2c(Cl)cc(Cl)c(Cl)c2Cl ,-2.3191891698474656
610,Clc1ccc2ccccc2c1,-0.616010701931142
611,Cc1ccc(C)c2ccccc12,-0.616010701931142
612,Cc1cc(C)c2ccccc2c1,-0.6885893298253037
613,CCc1cccc2ccccc12,-0.6305264275099745
614,Brc1cccc2ccccc12,-0.7176207809829681
615,Nc1cccc2ccccc12,0.4581529909024478
616,Oc1ccc2ccccc2c1,0.28396428395646034
617,c1c(Br)ccc2ccccc12 ,-0.741813656947689
618,c1ccc2ccccc2c1,-0.3547276415121609
619,Ic1cccc2ccccc12,-0.8143922848418502
620,Cc1ccc2ccccc2c1,-0.43698341979221056
621,Clc1cccc2ccccc12,-0.5144006228793162
622,Brc1ccc2ccccc2c1,-0.741813656947689
623,CCc1ccc2ccccc2c1,-0.6885893298253037
624,Cc1cccc2ccccc12,-0.40311339344160196
625,CCN(CC)C(=O)C(C)Oc1cccc2ccccc12 ,-0.3402119159333285
626,Cc1ccc2cc(C)ccc2c1,-0.9789038414019495
627,Cc1cccc2c(C)cccc12,-0.8768099048308284
628,Oc1cccc2ccccc12,0.3129957351141247
629,Cc1cc2ccccc2cc1C,-0.8966480631218998
630,O=N(=O)c1cccc2ccccc12,-0.3256961903544963
631,CNC(=O)Oc1cccc2ccccc12,-0.17279721425746283
632,CCCCC1(CC)C(=O)NC(=O)NC1=O,0.5834720883997
633,CCC1(CCC(C)C)C(=O)NC(=O)NC1=O,0.19299907032911118
634,O=C1NC(=O)NC(=O)C1(CC)C(C)CC,0.23073995683407508
635,O=C1NC(=O)NC(=O)C1(C)CC=C,0.8258847055661994
636,CCC(C)C1(CC=C)C(=O)NC(=O)NC1=O,0.41170266905018443
637,O=C1NC(=O)NC(=O)C1(C(C)C)C(C)C,0.048809529579376995
638,O=C1NC(=O)NC(=O)C1(CC)CC,0.22590138164113108
639,CCC1(CC)C(=O)NC(=O)N(C)C1=O ,0.3081571599211807
640,O=C1NC(=O)NC(=O)C1(C(C)CCC)CC=C,0.24719111249008513
641,O=C1NC(=O)NC(=O)C1(CC)C(C)CCC,0.23073995683407508
642,O=C1NC(=O)NC(=O)C1(C(C)C)CC=C,0.5607307849928627
643,O=C1NC(=O)NC(=O)C1(CC)CC=C,0.6062133918065372
644,CCC1(C(C)C)C(=O)NC(=O)NC1=O ,0.31783431030706893
645,O=C1NC(=O)NC(=O)C1(CC=C)CC=C,0.3821873603732255
646,O=C1NC(=O)NC(=O)C1(CC)CCC(C)C,0.10106614166317332
647,O=C1NC(=O)NC(=O)C1(CC)C(C)C,0.34783347650332225
648,O=C1NC(=O)NC(=O)C1(C)CC,0.7929823942541795
649,O=C1NC(=O)NC(=O)C1(CC)CC=C(C)C,0.2970284369774092
650,CCC(C)C1(CC(Br)=C)C(=O)NC(=O)NC1=O ,0.10638857437541188
651,O=C1NC(=O)NC(=O)C1(C)C,0.5442796293368528
652,O=C1NC(=O)NC(=O)C1(C(C)C)CC=C(C)C,0.13251688041730994
653,CC12CCC3C(CCC4=CC(=O)CCC34C)C2CCC1C(=O)CO,-0.2821490136179995
654,CC34CC(O)C1(F)C(CCC2=CC(=O)CCC12C)C3CCC4(O)C(=O)CO ,-0.27247186323211126
655,CC12CCC(=O)C=C1CCC3C2CCC4(C)C3CCC4(O)C#C ,-1.3514741312586454
656,CC1(O)CCC2C3CCC4=CC(=O)CCC4(C)C3CCC21C,-0.5477867917106305
657,CC12CC(O)C3C(CCC4=CC(=O)CCC34C)C2CCC1(O)C(=O)CO,-0.10796030667201174
658,CC(=O)OCC(=O)C3CCC4C2CCC1=CC(=O)CCC1(C)C2CCC34C ,-0.853100886385403
659,CC(=O)C1CCC2C3CCC4=CC(=O)CCC4(C)C3CCC12C,-0.751490807333577
660,CC(=O)OC3CCC4C2CCC1=CC(=O)CCC1(C)C2CCC34C ,-1.1211579520745063
661,CC(=O)C1(O)CCC2C3CCC4=CC(=O)CCC4(C)C3CCC21C,-0.4597247231990479
662,CC13CCC(=O)C=C1CCC4C2CCC(C(=O)CO)C2(CC(O)C34)C=O ,-0.4756920213357634
663,CCC(=O)OC3CCC4C2CCC1=CC(=O)CCC1(C)C2CCC34C ,-1.2111554506632665
664,CC12CCC3C(CCC4=CC(=O)CCC34C)C2CCC1O,-0.5579477996158129
665,CC(=O)OCC(=O)C1(O)CCC2C3CCC4=CC(=O)CCC4(C)C3C(O)CC21C,-0.9740652662090055
666,CC(=O)OC3(C)CCC4C2CCC1=CC(=O)CCC1(C)C2CCC34C ,-1.1695437040039471
667,CC12CC(O)C3C(CCC4=CC(=O)CCC34C)C2CCC1C(=O)CO,-0.1805389345661734
668,CC34CCC1C(CCC2=CC(=O)CCC12O)C3CCC4(O)C#C,-0.8240694352277387
669,CC(=O)OC3(CCC4C2CCC1=CC(=O)CCC1C2CCC34C)C#C,-0.9353566646654526
670,CCNc1nc(Cl)nc(n1)N(CC)CC,-0.5773021003875892
671,CCNc1nc(Cl)nc(NC(C)C)n1,-0.4756920213357634
672,CCN(CC)c1nc(Cl)nc(NC(C)C)n1,-0.44424128258162676
673,COc1nc(NC(C)C)nc(NC(C)C)n1,0.18816049513616695
674,CCN(CC)c1nc(Cl)nc(n1)N(CC)CC,-0.7471360896599275
675,CCNc1nc(NC(C)C)nc(SC)n1,-0.08376743070729133
676,CCNc1nc(NC(C)(C)C)nc(SC)n1,-0.5482706492299249
677,CCNc1nc(NC(C)C)nc(OC)n1,0.3788003577381645
678,CCNc1nc(Cl)nc(NCC)n1 ,-0.8143922848418502
679,CSc1nc(nc(n1)N(C)C)N(C)C,0.09235670631587382
680,COCCCNc1nc(NC(C)C)nc(SC)n1,-0.029575388546317374
681,CCNc1nc(Cl)nc(NC(C)(C)C#N)n1,-0.13699175782967637
682,CN(C)c1nc(nc(n1)N(C)C)N(C)C,-0.24053726695868008
683,CC(C)Nc1nc(Cl)nc(NC(C)C)n1,-0.7563293825265209
684,CSc1nc(NC(C)C)nc(NC(C)C)n1,-0.5966564011593657
685,CCNc1nc(NC(C)(C)C)nc(OC)n1,-0.18005507704687884
686,c1ccncc1,1.7548911426114664
687,Cc1ccncc1C,1.5613481348937024
688,Cc1cccc(C)n1,1.6048953116301994
689,Cc1cccnc1C,1.5710252852795905
690,Oc1ccccn1,1.8806940976280129
691,Cc1ccnc(C)c1,1.5710252852795905
692,CCOP(=S)(OCC)Oc1nc(Cl)c(Cl)cc1Cl ,-1.3563127064515894
693,c1nccc(C(=O)NN)c1,1.3915141456213644
694,COC(=O)c1cccnc1 ,1.1645849690722863
695,CCc1ccccn1,1.633926762787864
696,Cc1cncc(C)c1,1.5710252852795905
697,NC(=O)c1cccnc1 ,1.6823125147173048
698,Clc1cccc(n1)C(Cl)(Cl)Cl,-0.43214484459926633
699,Oc1ccncc1,1.8806940976280129
700,COc1ccc(cc1)C(c2ccc(OC)cc2)C(Cl)(Cl)Cl,-1.946618879990769
701,ClC(Cl)C(c1ccc(Cl)cc1)c2ccc(Cl)cc2,-2.0966147109720366
702,c1ccccc1C(O)c2ccccc2,0.15332275374696963
703,OC(c1ccc(Cl)cc1)(c2ccc(Cl)cc2)C(Cl)(Cl)Cl,-1.354377276374412
704,ClC(Cl)C(c1ccc(Cl)cc1)c2ccccc2Cl ,-1.7627530226588937
705,c1ccc(Cl)cc1C(c2ccc(Cl)cc2)(O)C(=O)OC(C)C,-0.8047151344559622
706,CN(C)C(=O)C(c1ccccc1)c2ccccc2 ,-0.05473597954962671
707,Clc1ccc(cc1)C(c2ccc(Cl)cc2)C(Cl)(Cl)Cl,-2.0724218350073165
708,C(c1ccccc1)c2ccccc2,-0.5869792507734777
709,CC(C)OC(=O)C(O)(c1ccc(Br)cc1)c2ccc(Br)cc2 ,-0.9982581421737259
710,ClC(Cl)C(c1ccc(Cl)cc1)c2ccc(Cl)cc2 ,-2.0966147109720366
711,Oc1ccc(Cl)cc1Cc2cc(Cl)ccc2O,-0.5255293458230875
712,CC(C)C1CCC(C)CC1O ,0.16299990413285784
713,OC1CCCCC1,1.1742621194581746
714,CCSC(=O)N(CC)C1CCCCC1 ,-0.25795613765327885
715,ClC1C(Cl)C(Cl)C(Cl)C(Cl)C1Cl,-0.857939461578347
716,C/C1CCC(\C)CC1,-0.7756836832982974
717,C1CCCCC1,-0.11279888186495596
718,CC1CCCCC1,-0.4756920213357634
719,C/C1CCCCC1\C,-0.6934279050182477
720,CCC1CCCCC1,-0.6692350290535273
721,OC1C(O)C(O)C(O)C(O)C1O,1.5565095597007583
722,Cc1ncnc2nccnc12,1.1616818239565196
723,Oc2ncc1nccnc1n2,0.4450888378814987
724,COc2cnc1ncncc1n2,0.8360457134713819
725,COc1ncnc2nccnc12 ,0.8500775815309198
726,COc2ncc1nccnc1n2,0.8500775815309198
727,Cc2ncc1nccnc1n2,1.3290965256323857
728,Cc2cnc1cncnc1n2,0.9739451064702888
729,COc2cnc1cncnc1n2,0.9468490853898017
730,c2cnc1ncncc1n2,1.396836578333603
731,CC34CC(O)C1(F)C(CCC2=CC(=O)C=CC12C)C3CC(O)C4(O)C(=O)CO,-0.39343624305571373
732,CC12CC(O)C3C(CCC4=CC(=O)C=CC34C)C2CCC1(O)C(=O)CO,-0.15150748340850878
733,CC1CC2C3CCC4=CC(=O)C=CC4(C)C3(F)C(O)CC2(C)C1(O)C(=O)CO,-0.3498890663192167
734,CC(=O)OCC(=O)C3(O)CCC4C2CCC1=CC(=O)C=CC1(C)C2C(O)CC34C ,-0.7272979313688566
735,CC1CC2C3CC(F)C4=CC(=O)C=CC4(C)C3(F)C(O)CC2(C)C1(O)C(=O)CO,-1.3287328278518082
736,CC1CC2C3CCC(O)(C(=O)C)C3(C)CC(O)C2(F)C4(C)C=CC(=O)C=C14,-0.5961725436400716
737,O=C1N(COC(=O)CCCCC)C(=O)C(N1)(c2ccccc2)c3ccccc3,-1.460825930619182
738,O=C1N(COC(=O)CCCCCCC)C(=O)C(N1)(c2ccccc2)c3ccccc3,-1.769043170409721
739,O=C1N(COC(=O)CCCCCC)C(=O)C(N1)(c2ccccc2)c3ccccc3,-1.6616268011263622
740,O=C1NC(=O)C(N1)(c2ccccc2)c3ccccc3,-0.5952048286014828
741,O=C1N(COC(=O)CCCC)C(=O)C(N1)(c2ccccc2)c3ccccc3,-0.8763260473115347
742,O=C1N(COC(=O)C)C(=O)C(N1)(c2ccccc2)c3ccccc3,-0.7756836832982974
743,O=C1N(COC(=O)CC)C(=O)C(N1)(c2ccccc2)c3ccccc3,-0.9871294192299547
744,O=C1N(COC(=O)CCC)C(=O)C(N1)(c2ccccc2)c3ccccc3,-1.0664820523942387
745,CC1(C)C(C=C(Cl)Cl)C1C(=O)OC(C#N)c2ccc(F)c(Oc3ccccc3)c2,-2.1629031911153715
746,CC1(C)C(C=C(Br)Br)C1C(=O)OC(C#N)c2cccc(Oc3ccccc3)c2,-2.678211449163918
747,CC1(C)C(C=C(Cl)Cl)C1C(=O)OC(C#N)c2cccc(Oc3ccccc3)c2,-2.4919263042355704
748,CC1(C)C(C=C(Cl)Cl)C1C(=O)OCc2cccc(Oc3ccccc3)c2,-1.6567882259334181
749,CC1(C)C(C(=O)OC(C#N)c2cccc(Oc3ccccc3)c2)C1(C)C,-1.528082125801105
750,CC(C)=CC3C(C(=O)OCc2cccc(Oc1ccccc1)c2)C3(C)C ,-1.1482539731549932
751,CCC(C)n1c(=O)[nH]c(C)c(Br)c1=O ,0.16638690676791856
752,Cc1c[nH]c(=O)[nH]c1=O ,0.6584700038903335
753,Fc1c[nH]c(=O)[nH]c1=O ,0.8660448796676353
754,O=c1cc[nH]c(=O)[nH]1 ,0.6671794392376328
755,CSCS(=O)CC(CO)NC(=O)C=Cc1c(C)[nH]c(=O)[nH]c1=O,0.42863768222548876
756,Cn1ccc(=O)[nH]c1=O,0.9966864098771261
757,Cc1[nH]c(=O)n(c(=O)c1Cl)C(C)(C)C,0.1852573500204006
758,OC3N=C(c1ccccc1)c2cc(Cl)ccc2NC3=O ,-0.5250454883037932
759,CN2C(=O)CN=C(c1ccccc1)c3cc(ccc23)N(=O)=O,-0.44956371529386513
760,O=C3CN=C(c1ccccc1)c2cc(ccc2N3)N(=O)=O,-0.44956371529386513
761,Clc1ccccc1C2=NCC(=O)Nc3ccc(cc23)N(=O)=O,-0.30585803206342554
762,CN2C(=O)CN=C(c1ccccc1)c3cc(Cl)ccc23,-0.4292416994835
763,OC3N=C(c1ccccc1Cl)c2cc(Cl)ccc2NC3=O,-0.3566630715893386
764,CCN2c1ncccc1N(C)C(=O)c3cccnc23 ,0.1194527273963608
765,CCN2c1ncccc1N(CC)C(=O)c3cccnc23 ,0.00332692276570253
766,CCN2c1nc(C)cc(C(F)(F)F)c1NC(=O)c3cccnc23 ,-0.6484291557238676
767,CCN2c1nc(N(C)(CCO))ccc1NC(=O)c3cccnc23 ,-0.23860183688150244
768,CCN2c1nc(Cl)ccc1N(C)C(=O)c3cccnc23 ,-0.6034304064294875
769,CCN2c1nc(C)cc(C)c1NC(=O)c3cccnc23 ,-0.8163277149190272
770,Nc3ccc2cc1ccccc1cc2c3 ,-1.1143839468043844
771,Cc1c2ccccc2c(C)c3ccccc13,-1.7917844738165585
772,c3ccc2c(O)c1ccccc1cc2c3 ,-0.9014866383148443
773,Cc1ccc2cc3ccccc3cc2c1,-1.980488906341378
774,Cc1c2ccccc2cc3ccccc13,-1.4627613606963594
775,c1ccc2cc3ccccc3cc2c1,-1.685335819571788
776,Clc2ccc(Oc1ccc(cc1)N(=O)=O)c(Cl)c2,-1.2547026273997632
777,CCOC(=O)NCCOc2ccc(Oc1ccccc1)cc2,-0.8869709127360119
778,COc2ccc(Oc1ccc(NC(=O)N(C)C)cc1)cc2,-0.6256878523170305
779,Oc1cc(Cl)ccc1Oc2ccc(Cl)cc2Cl,-0.7708451081053533
780,CN(C)C(=O)Nc2ccc(Oc1ccc(Cl)cc1)cc2,-0.9789038414019495
781,O(c1ccccc1)c2ccccc2,-0.5289163484581484
782,c1ccc2c(c1)ccc3c4ccccc4ccc23,-2.511280605007346
783,Cc1cc2c3ccccc3ccc2c4ccccc14,-1.7917844738165585
784,Nc3cc2c1ccccc1ccc2c4ccccc34 ,-1.6127571916776267
785,c1cccc2c3c(C)cc4ccccc4c3ccc12,-1.8014616242024464
786,Cc1c(C)c2c3ccccc3ccc2c4ccccc14,-2.0046817823060987
787,c2c(C)cc1nc(C)ccc1c2 ,0.44847584051655964
788,Oc2ccc1ncccc1c2 ,0.34202718627178935
789,Oc1cccc2ncccc12 ,0.15816132893991364
790,Oc1cccc2cccnc12 ,0.21622423125524287
791,c1ccc2ncccc2c1,0.7581446528649819
792,CCOP(=S)(OCC)Oc1cc(C)nc(n1)C(C)C,-0.3740819422839373
793,CCCCc1c(C)nc(nc1O)N(C)C ,0.30331858472823653
794,c1cncnc1,1.9194026991715658
795,CN(C)C(=O)Oc1nc(nc(C)c1C)N(C)C,0.4436372653236155
796,CCCCc1c(C)nc(NCC)nc1OS(=O)(=O)N(C)C ,-0.6256878523170305
797,CCCC1CCCC1,-0.9063252135077883
798,C1CCCC1,0.1097755770104726
799,CCCCCC1CCCC1,-1.5546942893622975
800,CC1CCCC1,-0.20957038572383782
801,CCOP(=S)(OCC)SC(CCl)N1C(=O)c2ccccc2C1=O,-1.680497244378844
802,CCOP(=S)(OCC)SC(CCl)N2C(=O)c1ccccc1C2=O,-1.680497244378844
803,O=C1NC(=O)c2ccccc12 ,0.12429130258930501
804,CCOP(=S)(OCC)N2C(=O)c1ccccc1C2=O,-0.23376326168855843
805,Oc1ccc(Cl)cc1C(=O)Nc2ccc(cc2Cl)N(=O)=O,-0.8869709127360119
806,c1c(NC(=O)c2ccccc2(I))cccc1,-0.6498807282817509
807,Cc1cccc(C)c1NC(=O)c2cc(c(Cl)cc2O)S(N)(=O)=O,-0.4466605701780988
808,c1ccccc1NC(=O)c2c(O)cccc2,-0.3498890663192167
809,CCN2c1cc(Cl)ccc1NC(=O)c3cccnc23 ,-1.2063168754703224
810,CCN2c1cc(OC)cc(C)c1NC(=O)c3cccnc23 ,-1.1061583689763792
811,CCN2c1ccccc1N(C)C(=O)c3cccnc23 ,-0.22118296618690367
812,CCN2c1cc(N(C)C)cc(C)c1NC(=O)c3cccnc23 ,-0.9697105485353561
813,Cn1c(=O)n(C)c2nc[nH]c2c1=O,0.7145974761284851
814,Cn1cnc2n(C)c(=O)[nH]c(=O)c12 ,0.16638690676791856
815,Cn2c(=O)n(C)c1ncn(CC(O)CO)c1c2=O,1.3049036496676651
816,Cn1cnc2n(C)c(=O)n(C)c(=O)c12,0.9633002410458118
817,OC1C=CC2C1C3(Cl)C(=C(Cl)C2(Cl)C3(Cl)Cl)Cl ,-1.2547026273997632
818,ClC2=C(Cl)C3(Cl)C1C=CCC1C2(Cl)C3(Cl)Cl ,-1.341796980872757
819,ClC1C=CC2C1C3(Cl)C(=C(Cl)C2(Cl)C3(Cl)Cl)Cl,-1.6693685214350726
820,Nc1c(C)c[nH]c(=O)n1 ,0.6816951648164651
821,Nc1cc[nH]c(=O)n1 ,0.8283039931626713
822,Nc1nc(=O)[nH]cc1F,0.9168499191935484
823,Cc2c(N)c(=O)n(c1ccccc1)n2C,1.085232335908003
824,Cc1cc(=O)n(c2ccccc2)n1C,1.7331175542432178
825,CN(C)c2c(C)n(C)n(c1ccccc1)c2=O ,1.2110352909245496
826,ON=Cc1ccc(o1)N(=O)=O ,0.32751146069295717
827,O=Cc1ccco1,1.3387736760182738
828,c1ccoc1,0.9903962621262988
829,CCCCC1C(=O)N(N(C1=O)c2ccccc2)c3ccccc3 ,-0.45633772056398697
830,CC(=O)CCC1C(=O)N(N(C1=O)c2ccccc2)c3ccccc3,-0.1950546601450056
831,CCCCC1C(=O)N(N(C1=O)c2ccc(O)cc2)c3ccccc3 ,-0.41762911902043415
832,C1CCOC1,1.6242496124019756
833,CC1CCCO1,1.4403837550701
834,OCC1OC(O)(CO)C(O)C1O,1.6968282402961372
835,CCOC2Oc1ccc(OS(C)(=O)=O)cc1C2(C)C,-0.267633288039167
836,CNC(=O)Oc1cccc2CC(C)(C)Oc12,0.03235837392336715
837,CCOC(=O)CCN(SN(C)C(=O)Oc1cccc2CC(C)(C)Oc21)C(C)C,-0.8918094879289559
838,OC1CCCCCCC1,0.7629832280579261
839,C1CCCCCCC1,-0.6208492771240866
840,CN(C)C(=O)NC1CCCCCCC1,0.31396345015271365
841,Cc1ccc2c(ccc3ccccc32)c1,-1.4385684847316391
842,c1ccc2c(c1)ccc3ccccc32,-1.1579311235408813
843,Cc1cccc2c1ccc3ccccc32,-1.443407059924583
844,C(Cc1ccccc1)c2ccccc2,-0.8482623111924591
845,CCC(C(CC)c1ccc(O)cc1)c2ccc(O)cc2,-0.7563293825265209
846,c1ccccc1C(O)C(O)c2ccccc2,0.4533144157095037
847,CC1=CC(=O)CC(C)(C)C1 ,0.8742704574956403
848,CC(=C)C1CC=C(C)C(=O)C1,0.3904129382012304
849,CN(C)C(=O)OC1=CC(=O)CC(C)(C)C1 ,0.9758805365474663
850,CC1=CCC(CC1)C(C)=C,-0.6740736042464713
851,C1CCC=CC1,0.13396845297519322
852,CC1=CCCCC1,-0.1950546601450056
853,C1OC(O)C(O)C(O)C1O,1.5758638604725348
854,OCC1OC(O)C(O)C(O)C1O,1.745213992225578
855,C1CCOCC1,1.3726437023688827
856,O=C1NC(=O)NC(=O)C1(CC=C)c1ccccc1,0.24090096473925762
857,CCC1(C(=O)NC(=O)NC1=O)c2ccccc2 ,0.263642268146095
858,O=C1NC(=O)NC(=O)C1(CC)c1ccccc1,0.263642268146095
859,c1ccccc1n2ncc(N)c(Br)c2(=O),-0.12586303488590486
860,CNc2cnn(c1cccc(c1)C(F)(F)F)c(=O)c2Cl,-0.5705280951174678
861,Nc2cnn(c1ccccc1)c(=O)c2Cl,-0.005382512581596964
862,CC12CCC3C(CCc4cc(O)ccc34)C2CCC1O,-1.0466438941031673
863,CC34CCC1C(CCc2cc(O)ccc12)C3CCC4(O)C#C ,-0.6934279050182477
864,CC34CCC1C(CCc2cc(O)ccc12)C3CC(O)C4O ,-1.0103545801560863
865,c2ccc1scnc1c2 ,0.6613731490061
866,CCOc2ccc1nc(sc1c2)S(N)(=O)=O ,-0.45633772056398697
867,Sc2nc1ccccc1s2 ,-0.15150748340850878
868,c1cc2ccc(OC)c(CC=C(C)(C))c2oc1=O ,-0.7002019102883695
869,CCOP(=S)(OCC)Oc2ccc1oc(=O)c(Cl)c(C)c1c2,-1.2169617408948001
870,O2c1ccccc1N(CC)C(=O)c3ccccc23 ,-0.39343624305571373
871,O2c1ccc(N)cc1N(C)C(=O)c3cc(C)ccc23 ,-0.5134329078407273
872,C1Cc2c3c1cccc3cc4c2ccc5ccccc54,-2.411122098513403
873,c1cc(C)cc2c1c3cc4cccc5CCc(c45)c3cc2,-2.444992124864012
874,Cc1ncc(N(=O)=O)n1CCO,0.7968532544085347
875,Cc1ncc(N(=O)=O)n1CCO ,0.7774989536367584
876,NS(=O)(=O)c2cc1c(NCNS1(=O)=O)cc2Cl ,0.11461415220341681
877,NS(=O)(=O)c2cc1c(NC(NS1(=O)=O)C(Cl)Cl)cc2Cl ,0.09042127623869618
878,CC2=CC(=O)c1ccccc1C2=O ,-0.07892885551434713
879,ClC(Cl)CC(=O)NC2=C(Cl)C(=O)c1ccccc1C2=O,-1.0466438941031673
880,CCCCc1c(C)nc(NCC)[nH]c1=O,-0.0779611404757584
881,Sc1nccc(=O)[nH]1 ,0.28735128659152104
882,CC(=O)CC(c1ccccc1)c3c(O)c2ccccc2oc3=O ,-0.4964978946654229
883,CC(=O)CC(c1ccc(Cl)cc1)c2c(O)c3ccccc3oc2=O,-1.4380846272123449
884,Cc1c[nH]c2ccccc12 ,0.21622423125524287
885,c2ccc1[nH]ccc1c2,0.6516959986202118
886,CCOP(=S)(OCC)SCn1c(=O)oc2cc(Cl)ccc12,-1.1448669705199321
887,Clc2ccc1oc(=O)[nH]c1c2,0.01735879082524016
888,NC(=O)NC1NC(=O)NC1=O ,0.612987397076659
889,O=C1CNC(=O)N1 ,1.1936164202299508
890,CC12CC(=O)C3C(CCC4=CC(=O)CCC34C)C2CCC1(O)C(=O)CO,-0.11763745705789995
891,CC(=O)OCC(=O)C3(O)CCC4C2CCC1=CC(=O)CCC1(C)C2C(=O)CC34C ,-0.6498807282817509
892,c3ccc2nc1ccccc1cc2c3,-0.38859766786276956
893,Nc2cccc3nc1ccccc1cc23 ,-0.6547193034746949
894,C1CCCCCC1,-0.31118046477566386
895,OC1CCCCCC1,0.9613648109686341
896,Nc1ncnc2nc[nH]c12 ,0.36138148704356576
897,Nc1nc(O)nc2nc[nH]c12 ,-0.2584399951725732
898,Fc1cccc(F)c1C(=O)NC(=O)Nc2cc(Cl)c(F)c(Cl)c2F ,-2.1353233125155895
899,Fc1cccc(F)c1C(=O)NC(=O)Nc2ccc(Cl)cc2,-1.5256628382046327
900,CC(=O)OC3(CCC4C2C=C(C)C1=CC(=O)CCC1(C)C2CCC34C)C(C)=O ,-1.2014783002773781
901,CC(=O)C3(C)CCC4C2C=C(C)C1=CC(=O)CCC1(C)C2CCC34C,-1.1627696987338252
902,CC34CCC1C(CCC2CC(O)CCC12C)C3CCC4=O,-0.6256878523170305
903,CC12CCC(O)CC1CCC3C2CCC4(C)C3CCC4=O,-0.7427813719862777
904,CCOP(=S)(OCC)Oc1nc(Cl)n(n1)C(C)C,-0.3827913776312366
905,Nc1nc[nH]n1,1.6397330530193968
906,CC12CCC(CC1)C(C)(C)O2 ,0.5936330963048826
907,CC12CCC(CC1)C(C)(C)O2,0.5452473443754415
908,Nc1ccc(cc1)S(=O)(=O)c2ccc(N)cc2,-0.10989573674918938
909,Cc1cc(ccc1NS(=O)(=O)C(F)(F)F)S(=O)(=O)c2ccccc2,-0.45149914537104274
910,CC(C)Oc1cc(c(Cl)cc1Cl)n2nc(oc2=O)C(C)(C)C,-1.3688930019532448
911,CN(C)C(=O)Nc1ccc(c(Cl)c1)n2nc(oc2=O)C(C)(C)C,-0.7069759155584915
912,c1ccnnc1,1.9194026991715658
913,CCN(CC)C(=O)CSc1ccc(Cl)nn1,0.5568599248385074
914,O2c1cc(C)ccc1N(C)C(=O)c3cc(N)cnc23 ,-0.08521900326517462
915,O2c1ccccc1N(C)C(=O)c3cccnc23 ,-0.38956538290135845
916,Oc2ccc1CCCCc1c2 ,0.4242829645518391
917,C1CCc2ccccc2C1,-0.7272979313688566
918,CCCC(C)C1(CC=C)C(=O)NC(=S)NC1=O ,-0.28698758881094344
919,CCCC(C)C1(CC)C(=O)NC(=S)NC1=O ,-0.23860183688150244
920,CC(C)C1CCC(C)CC1=O,0.25009425760585147
921,O=C1CCCCC1,1.096844916371069
922,CC1(C)C2CCC1(C)C(=O)C2,0.4387986901306714
923,CC2(C)C1CCC(C)(C1)C2=O,0.49202301725305647
924,Cc1cccc2c1Cc3ccccc32,-1.1385768227691049
925,C1c2ccccc2c3ccccc13,-1.0321281685243349
926,COC(=O)Nc1cccc(OC(=O)Nc2cccc(C)c2)c1,-0.9377759522619247
927,CCOC(=O)Nc2cccc(OC(=O)Nc1ccccc1)c2 ,-0.8540686014239918
928,NS(=O)(=O)c1cc(ccc1Cl)C2(O)NC(=O)c3ccccc23,-0.28263287113729385
929,COP(=S)(OC)Oc1ccc(Sc2ccc(OP(=S)(OC)OC)cc2)cc1,-1.63065991989152
930,O=C1NC(=O)C(=O)N1 ,1.1936164202299508
931,CC1=C(C(=O)Nc2ccccc2)S(=O)(=O)CCO1,0.28348042643716576
932,O=C1c2ccccc2C(=O)c3ccccc13,-1.124061097190273
933,Cc1cc(no1)C(=O)NNCc2ccccc2,0.1963860729641721
934,CC(C)(C)C(=O)C(Oc1ccc(Cl)cc1)n2cncn2,-0.3595662167051049
935,N(Nc1ccccc1)c2ccccc2 ,-0.025704528391962092
936,O=C(c1ccccc1)c2ccccc2,-0.12247603225084416
937,Oc2cc(O)c1C(=O)CC(Oc1c2)c3ccc(O)c(O)c3,-0.36440479189804914
938,O=C2NC(=O)C1(CCCCCCC1)C(=O)N2,-0.05570369458821564
939,O=C(C=CC=Cc2ccc1OCOc1c2)N3CCCCC3,-0.28698758881094344
940,COC1=CC(=O)CC(C)C13Oc2c(Cl)c(OC)cc(OC)c2C3=O,-0.18344207968193998
941,C1CCC=CCC1,-0.15150748340850878
942,ClC1CC2C(C1Cl)C3(Cl)C(=C(Cl)C2(Cl)C3(Cl)Cl)Cl,-1.9321031544119374
943,CC(=O)SC4CC1=CC(=O)CCC1(C)C5CCC2(C)C(CCC23CCC(=O)O3)C45,-0.6319780000678578
944,c1c(O)C2C(=O)C3cc(O)ccC3OC2cc1(OC),-0.036833251335733584
945,C2c1ccccc1N(CCF)C(=O)c3ccccc23 ,-0.9348728071461585
946,CC45CCC2C(CCC3CC1SC1CC23C)C4CCC5O,-1.230509751435043
947,OCC2OC(OC1(CO)OC(CO)C(O)C1O)C(O)C(O)C2O ,1.7694068681902988
948,N(=Nc1ccccc1)c2ccccc2,-0.7660065329124094
949,C1c2ccccc2c3ccc4ccccc4c13,-1.8450088009389434
950,O=C1NCCN1c2ncc(s2)N(=O)=O,-0.1708617841802852
951,c1ccc2c(c1)c3cccc4ccc5cccc2c5c43,-2.3869292225486824
952,C1CCC2CCCCC2C1,-1.124061097190273
953,CCCCNC(=O)n1c(NC(=O)OC)nc2ccccc12,-0.9755168387668888
954,ClC1(C2(Cl)C3(Cl)C4(Cl)C5(Cl)C1(Cl)C3(Cl)Cl)C5(Cl)C(Cl)(Cl)C24Cl,-1.9030717032542726
955,O=C2NC(=O)C1(CCCC1)C(=O)N2,0.25057811512514583
956,O=C1N(C2CCC(=O)NC2=O)C(=O)c3ccccc13,0.09235670631587382
957,Cc2cccc3sc1nncn1c23 ,0.3855743630082864
958,C1C=CCC=C1,0.3904129382012304
959,COC(=O)Nc2nc1ccc(cc1[nH]2)C(=O)c3ccccc3,-0.4902077469145956
960,CC34CCC1C(CCC2=CC(=O)CCC12C)C3CCC4=O,-0.39827481824865774
961,c2ccc1NCCc1c2 ,0.8839476078815285
962,CC34CCC1C(CCC2CC(=O)CCC12C)C3CCC4O ,-0.9077767860656716
963,Nc2nc1[nH]cnc1c(=O)[nH]2 ,-0.346502063684156
964,c2ccc1[nH]ncc1c2 ,0.34202718627178935
965,CCN(Cc1c(F)cccc1Cl)c2c(cc(cc2N(=O)=O)C(F)(F)F)N(=O)=O,-1.8933945528683847
966,NS(=O)(=O)c2cc1c(N=CNS1(=O)=O)cc2Cl ,-0.08860600590023533
967,O=C2NC(=O)C1(CCCCCC1)C(=O)N2 ,-0.14570119317697586
968,CC=C(C(=CC)c1ccc(O)cc1)c2ccc(O)cc2,-1.0079352925596143
969,c1ccc2c(c1)c3ccccc3c4ccccc24,-1.8672662468264862
970,CC1(OC(=O)N(C1=O)c2cc(Cl)cc(Cl)c2)C=C,-0.995838854577254
971,NS(=O)(=O)c3cc2c(NC(Cc1ccccc1)NS2(=O)=O)cc3C(F)(F)F,-0.3498890663192167
972,O=c2[nH]c(=O)c1[nH]c(=O)[nH]c1[nH]2 ,-0.5144006228793162
973,C1c2ccccc2c3cc4ccccc4cc13,-2.503055027179341
974,CC(C)NC(=O)N1CC(=O)N(C1=O)c2cc(Cl)cc(Cl)c2,-0.7302010764846232
975,O=C2NC(=O)C1(CCCCC1)C(=O)N2,-0.09344458109317955
976,c1ccc2cc3cc4ccccc4cc3cc2c1,-2.7740152379842105
977,CCN2c1ncccc1N(C)C(=S)c3cccnc23 ,-0.8550363164625809
978,O=C1CCC(=O)N1,1.5323166837360378
979,c1ccc2c(c1)[nH]c3ccccc32,-1.1627696987338252
980,c2ccc1nc(ccc1c2)c4ccc3ccccc3n4 ,-1.2256711762420989
981,c1cc(O)c(O)c2OCC3(O)CC4=CC(=O)C(O)=CC4=C3c21,0.08074412585280798
982,c1ccc2c3c(ccc2c1)c4cccc5cccc3c45,-2.4837007264075646
983,COc2c1occc1c(OC)c3c(=O)cc(C)oc23 ,-0.0745741378406977
984,Clc1ccc(CN(C2CCCC2)C(=O)Nc3ccccc3)cc1,-1.47485779867872
985,c1ccc2c(c1)cnc3ccccc23 ,0.042035524309255355
986,c1cC2C(=O)NC(=O)C2cc1,-0.031510818623495016
987,CC1(C)C2CCC1(C)C(O)C2,0.26460998318468393
988,CCCC1C(=O)N3N(C1=O)c2cc(C)ccc2N=C3N(C)C ,-0.3247284753159076
989,C1(=O)NC(=O)NC(=O)C1(O)C2(O)C(=O)NC(=O)NC2(=O),0.4242829645518391
990,C1CC=CC1,0.37105863742945394
991,CCC2NC(=O)c1cc(c(Cl)cc1N2)S(N)(=O)=O,-0.20473181053089382
992,OC(c1ccc(Cl)cc1)(c2cncnc2)c3ccccc3Cl,-0.7321365065618005
993,O=c1[nH]cnc2[nH]ncc12 ,0.29073828922658196
994,c1cc2ccc3ccc4ccc5ccc6ccc1c7c2c3c4c5c67,-3.128198942107719
995,CN(C)C(=O)NC1CC2CC1C3CCCC23,-0.14715276573485914
996,c1c(OC)c(OC)C2C(=O)OCC2c1,0.4683139988076304
997,c1cc2ccc3ccc4ccc5cccc6c(c1)c2c3c4c56,-2.9762676810492743
998,CC12CC2(C)C(=O)N(C1=O)c3cc(Cl)cc(Cl)c3,-0.9353566646654526
999,CC34CCC1C(CC=C2CC(O)CCC12C)C3CCC4=O,-0.606333551545254
1000,O=C1NC(=O)C(=O)C(=O)N1 ,0.7823375288297024
1001,OC(Cn1cncn1)(Cn2cncn2)c3ccc(F)cc3F ,0.5162158932177769
1002,FC(F)(F)c1cccc(c1)N2CC(CCl)C(Cl)C2=O,-0.571011952636762
1003,CC1(C)CON(Cc2ccccc2Cl)C1=O,0.2559005478373844
